{
  "token_acc":null,
  "token_p":null,
  "token_r":null,
  "token_f":null,
  "ents_p":0.6811384467,
  "ents_r":0.5895615866,
  "ents_f":0.6320501343,
  "ents_per_type":{
    "PER":{
      "p":0.7911963883,
      "r":0.7481323372,
      "f":0.7690619857
    },
    "LOC":{
      "p":0.5668257757,
      "r":0.4778672032,
      "f":0.518558952
    },
    "ORG":{
      "p":0.676217765,
      "r":0.5086206897,
      "f":0.5805658057
    }
  },
  "speed":2300.3208309051
}