{
  "token_acc":null,
  "token_p":null,
  "token_r":null,
  "token_f":null,
  "ents_p":0.7602508442,
  "ents_r":0.6125145744,
  "ents_f":0.6784330607,
  "ents_per_type":{
    "PER":{
      "p":0.7923250564,
      "r":0.7572815534,
      "f":0.7744070601
    },
    "LOC":{
      "p":0.7935560859,
      "r":0.5441898527,
      "f":0.645631068
    },
    "ORG":{
      "p":0.5988538682,
      "r":0.4929245283,
      "f":0.5407503234
    }
  },
  "speed":2354.3299681903
}