{
  "token_acc":null,
  "token_p":null,
  "token_r":null,
  "token_f":null,
  "ents_p":0.7877902098,
  "ents_r":0.77303232,
  "ents_f":0.7803414955,
  "ents_per_type":{
    "LOC":{
      "p":0.8250857106,
      "r":0.7916951151,
      "f":0.8080456129
    },
    "ORG":{
      "p":0.6567874131,
      "r":0.6586120138,
      "f":0.657698448
    },
    "PER":{
      "p":0.8508694233,
      "r":0.8463714352,
      "f":0.848614469
    }
  },
  "speed":3463.8321908471
}