{
  "token_acc":null,
  "token_p":null,
  "token_r":null,
  "token_f":null,
  "ents_p":0.0117341044,
  "ents_r":0.0776367255,
  "ents_f":0.020386908,
  "ents_per_type":{
    "PER":{
      "p":0.0118613973,
      "r":0.2586598655,
      "f":0.0226826342
    },
    "LOC":{
      "p":0.0066756802,
      "r":0.002451741,
      "f":0.0035863447
    },
    "ORG":{
      "p":0.0,
      "r":0.0,
      "f":0.0
    }
  },
  "speed":4227.6700569665
}